0,10.0,0.0,0.0,0.0,0.0,1.05
1,9.991482232116145,0.16332737618957596,0.005724700836118403,3.297743469957824e-05,0.03752477567489597,1.052818743390663
2,9.971382206577863,0.32632218420454745,0.014134722726362929,0.00015377812514886767,0.07278205541936568,1.0552992872063653
3,9.94122547488926,0.48734164832420024,0.025137568338449063,0.000393392632094893,0.10591891306805487,1.0574572602014527
4,9.902262692848051,0.6450929283327983,0.03857713870739471,0.0007793392360850285,0.13707838122501229,1.0593074974773455
5,9.855548197022127,0.7985976448343488,0.05425707523258848,0.001334725652265869,0.16639715536140975,1.0608640196752146
6,9.8019899174128,0.9471476835048304,0.07196015005144968,0.002077731903875254,0.1940041947804017,1.0621400390837383
7,9.74238178655615,1.0902588214620395,0.0914630148120889,0.003021450585605097,0.22001999440278555,1.0631479850518326
8,9.677425344391704,1.2276269398968567,0.11254657853260078,0.004174000691797124,0.2445563230553948,1.0638995401635307
9,9.607744880229568,1.359089177680243,0.1350027083001811,0.005538841161304326,0.26771630125189694,1.0644056838801923
10,9.533898516945342,1.4845910831594349,0.158638128665863,0.0071152141374340346,0.2895946924429927,1.0646767384066589
11,9.456386802522996,1.6041596917727354,0.18327628420009826,0.008898664759029203,0.31027833775965896,1.0647224154370203
12,9.375659600001654,1.7178820339070349,0.208757841208053,0.010881592974273857,0.3298466623115905,1.06455186096364
13,9.292121930382608,1.825888227631559,0.23494027304082196,0.013053810059522145,0.34837223396443456,1.0641736993426347
14,9.206138898124491,1.9283384259406602,0.26169694716279773,0.015403074270387276,0.3659213168725221,1.0635960732288394
15,9.118039999783692,2.025412834016637,0.28891592195770577,0.01791559253029237,0.3825544189140663,1.0628266810499474
16,9.028122906303274,2.1173041619162256,0.3164986272049178,0.020576478299855705,0.3983268154168771,1.0618728114508602
17,8.93665679212367,2.2042119706515,0.34435853580911413,0.023370160968999795,0.4132890397000019,1.0607413745406602
18,8.84388531332254,2.2863385068937614,0.3724198759529388,0.026280742511187217,0.4274873439817852,1.0594389310920929
19,8.750029130027196,2.3638855649220005,0.4006164677533404,0.029292311117099946,0.44096410015638343,1.05797171590827
20,8.655288309929736,2.437052335256804,0.42889060595210315,0.03238919575609813,0.4537581963659006,1.0563456632311763
21,8.559844354998404,2.506033810903135,0.4571920868969953,0.03555618179148922,0.4659053756825541,1.0545664268312047
22,8.463862029488576,2.5710197024090515,0.4854773308494495,0.038778682781207156,0.47743854656224166,1.0526393988066884
23,8.367490986443684,2.6321937183406234,0.5137086030483528,0.04204287404111797,0.4883880618836966,1.050569726530301
24,8.270867216584504,2.689733118234763,0.5418533254999954,0.04533579206712604,0.4987819690839011,1.0483623279210983
25,8.174114341014073,2.743808469329186,0.5698834706790956,0.048645403875052985,0.5086462342413938,1.0460219052800008
26,8.077344765538879,2.7945835523820923,0.5977750285802838,0.05196065030601179,0.518004942370458,1.0435529578033855
27,7.980660713261616,2.8422153767125673,0.6255075386382334,0.055271467063012926,0.5268804764254441,1.0409597929409808
28,7.8841551501818214,2.8868542745957906,0.6530636786770893,0.05856878695713838,0.5352936773387765,1.0382465367479183
29,7.787912616269548,2.9286440523373662,0.6804289039556984,0.061844526607060475,0.5432639871567215,1.0354171433583474
30,7.692009968906915,2.9677221741108313,0.707591130801495,0.06509156093445688,0.550809576229364,1.032475403506318
31,7.596517056259854,3.0042199779691243,0.7345404577325421,0.06830368727199974,0.557947457881219,1.029424952526926
32,7.5014973226827335,3.038262904946267,0.7612689204903245,0.07147558204278451,0.5646935907278534,1.0262692776636904
33,7.407008355220719,3.0699707364677464,0.7877702763610728,0.07460275186478006,0.571062970346018,1.0230117248224537
34,7.31310237762712,3.099457834669459,0.8140398140793982,0.07768148083208691,0.5770697114884197,1.019655504834047
35,7.219826697539844,3.1268333816657896,0.840074186087862,0.08070877546600526,0.5827271219001154,1.016203699280111
36,7.127224111791431,3.152201614904679,0.8658712603473121,0.083682308591592,0.588047768672809,1.0126592659296318
37,7.0353332742463035,3.17566205658287,0.8914299892607022,0.08660036318040999,0.5930435379654166,1.0090250438277133
38,6.944189030053949,3.197309735729788,0.9167502935931667,0.08946177700762326,0.5977256888232858,1.0053037580728748
39,6.853822719766661,3.217235402050545,0.9418329595489215,0.09226588880094645,0.6021049017433953,1.0014980243145735
40,6.764262456385484,3.2355257309827987,0.9666795474062851,0.09501248640927794,0.606191322557699,0.9976103529986874
41,6.675533378060415,3.2522635196958722,0.9912923103204825,0.09770175738887232,0.6099946021405018,0.9936431533852169
42,6.587657878873662,3.2675278739643345,1.0156741220841754,0.10033424229321228,0.6135239323873887,0.9895987373594766
43,6.500655819872346,3.2813943859980825,1.0398284127916018,0.10291079085777208,0.6167880788618725,0.9854793230554297
44,6.4145447222848695,3.2939353034192336,1.0637591114870963,0.10543252119104735,0.6197954104607672,0.9812870383075716
45,6.329339944640343,3.305219689663409,1.087470594997475,0.10790078201744234,0.622553926411839,0.977023923946453
46,6.245054845166357,3.3153135763255936,1.1109676422842312,0.11031711797140076,0.6250712809221316,0.9726919369627851
47,6.1617009315929385,3.324280106880612,1.134255393532964,0.11268323785135588,0.6273548055335845,0.9682929534968785
48,6.079287998547839,3.332179673996839,1.1573393137341448,0.11500098581859491,0.6294115297444596,0.9638287717596677
49,5.997824254144487,3.339070048682446,1.1802251600316556,0.11727231535939145,0.6312481997603379,0.9593011148035812
50,5.917316436801732,3.3450065027849676,1.2029189525111725,0.11949926590310284,0.6328712957013963,0.9547116331916818
51,5.83776992316917,3.350041925240244,1.2254269480734237,0.1216839419545511,0.6342870474240402,0.9500619075731469
52,5.759188827910711,3.3542269322428755,1.247755617058977,0.12382849458170998,0.6355014490738439,0.9453534511660454
53,5.681576096061355,3.357609971680609,1.2699116223390468,0.12593510509867836,0.6365202724934507,0.9405877121531859
54,5.604933588599006,3.3602374221591,1.2919018006194631,0.12800597078250778,0.6373490795960529,0.9357660759962534
55,5.5292621618081075,3.3621536869266384,1.3137331457333925,0.13004329246372826,0.6379932338035211,0.9308898676729993
56,5.4545617409538645,3.3634012829909343,1.3354127937232438,0.13204926383382543,0.6384579106379454,0.9259603538418375
57,5.3808313887341725,3.3640209257026235,1.3569480095339135,0.1340260623179867,0.6387481075461633,0.9209787449378516
58,5.308069368930322,3.364051609062994,1.378346175158545,0.13597584136775018,0.638868653028659,0.9159461972039197
59,5.236273205636611,3.36353068199669,1.3996147790946027,0.13790072403539885,0.6388242151368666,0.9108638146603985
60,5.165439738412429,3.362493920814263,1.4207614069827037,0.13980279769977658,0.6386193093963619,0.905732651016588
61,5.0955651736679055,3.360975598074121,1.441793733313466,0.14168410982139187,0.6382583062075324,0.9005537115270051
62,5.0266451325651085,3.359008548039117,1.4627195140989335,0.1435466646130511,0.6377454377700404,0.8953279547953268
63,4.958674695690981,3.3566242289095443,1.4835465804150838,0.14539242052064644,0.6370848045726659,0.8900562945287275
64,4.891648444735011,3.3538527820014625,1.5042828327306592,0.14722328841698104,0.6362803814858351,0.8847396012452067
65,4.825560501383971,3.3507230880276953,1.5249362359453187,0.14904113041957595,0.6353360234903407,0.8793787039364108
66,4.760404563627598,3.3472628206275967,1.54551481506689,0.15084775925114802,0.6342554710722912,0.8739743916883584
67,4.696173939652401,3.343498497281622,1.5660266514635623,0.1526449380688691,0.633042355311257,0.8685274152624085
68,4.632861579486039,3.339455527736997,1.5864798796320978,0.15443438069551907,0.6317002026857611,0.8630384886387518
69,4.570460104541109,3.335158260062191,1.6068826844279311,0.1562177521922707,0.6302324396177982,0.8575082905246498
70,4.508961835867418,3.3306300207307187,1.6272432977667293,0.15799666948247387,0.6286423962927026,0.8519374657218703
71,4.448358817862913,3.325893167977411,1.6475699995612625,0.15977270321065615,0.6269333122682517,0.8463266269109864
72,4.388642844330593,3.320969118973503,1.6678711130055555,0.16154737822182644,0.6251083387243807,0.8406763557079907
73,4.329805480211517,3.3158783917975287,1.6881550042417042,0.1633221753091058,0.6231705427125465,0.8349872041798531
74,4.2718380824761475,3.310640641127193,1.7084300812145439,0.16509853279160858,0.621122910648938,0.8292596962086993
75,4.214731819592337,3.305274692110993,1.7287047927340264,0.16687784818707022,0.6189683516366955,0.823494328833463
76,4.15847768965503,3.2997985724899386,1.7489876277111502,0.16866147995336248,0.6167097006271566,0.8176915735710699
77,4.103066537256512,3.2942295430348487,1.769287114534908,0.17045074927641854,0.614349721429155,0.8118518777192139
78,4.048489069170543,3.2885841263595443,1.789611820558861,0.17224694188510667,0.6118911095744543,0.8059756656427626
79,3.9947358689185046,3.2828781341659803,1.809970351667095,0.1740513098763357,0.6093364950466342,0.8000633400458448
80,3.941797410280943,3.2771266929729723,1.830371351890106,0.1758650735361147,0.6066884448800497,0.7941152832316526
81,3.889664069813558,3.271344268376104,1.8508235030417879,0.17768942314446864,0.603949465634887,0.788131858351999
82,3.8383261384227874,3.2655446878823127,1.8713355243490029,0.17952552075402958,0.6011220057537959,0.7821134106486589
83,3.787773832841359,3.2597411613321325,1.8919161713440675,0.1813745018457748,0.5982084576182953,0.776060268662947
84,3.7379973063097087,3.25394630022713,1.9125742346687686,0.1832374769567247,0.5952111595234678,0.7699727454472631
85,3.6889866535885827,3.248172141925493,1.9333185431121862,0.18511553379870127,0.5921323986909662,0.7638511399267698
86,3.6407319219738716,3.2424301626899372,1.9541579604676362,0.18700973850135094,0.5889744124457371,0.7576957380194148
87,3.593223118409029,3.2367312951895943,1.9751013851277623,0.1889211372436428,0.5857393902280709,0.7515068138963787
88,3.5464502165421026,3.2310859430750605,1.9961577489305071,0.19085075771474405,0.5824294752756524,0.7452846312061716
89,3.5004031629839627,3.225503994768625,2.0173360159390095,0.19279961054430983,0.5790467662781884,0.739029444314862
90,3.455071882954851,3.219994836057293,2.0386451809809047,0.19476869067178876,0.5755933189477455,0.7327414995541142
91,3.410446285349505,3.2145673615039048,2.0600942679148293,0.19675897865405553,0.5720711475087027,0.7264210364789858
92,3.366516267249545,3.2092299846888483,2.0816923275905443,0.19877144191110369,0.5684822261112243,0.7200682891374055
93,3.3232717179099636,3.2039906472925463,2.103448435467914,0.20080703590990895,0.5648284901722923,0.7136834873532376
94,3.2807025222452104,3.198856827026403,2.125371688858341,0.20286670528685494,0.5611118376484253,0.7072668580248038
95,3.2387985638390338,3.1938355444177327,2.147471203750711,0.20495138490934306,0.5573341302443755,0.7008186264407069
96,3.197549727500917,3.188933368452019,2.1697561111821084,0.20706200087738258,0.55349719456224,0.694339017614756
97,3.1569459013910612,3.184156421073917,2.1922355531116717,0.2091994714660732,0.5496028231956068,0.6878282576417597
98,3.1169769787348613,3.179510380546603,2.214918677753937,0.21136470800997262,0.5456527757735401,0.6812865750759023
99,3.077632859147051,3.175000483667488,2.2378146343259315,0.21355861573038076,0.5416487799594023,0.6747142023333671
100,3.038903449585166,3.1706315268368863,2.260932567160011,0.2157820945065709,0.5375925324097056,0.668111377120818
101,3.0007786649513974,3.1664078659751302,2.2842816091321643,0.2180360395919734,0.5334856996983685,0.6614783438912787
102,2.9632484283616964,3.1623334152827383,2.3078708743531453,0.2203213422762628,0.5293299192119475,0.6548153553288869
103,2.926302671100792,3.158411644837724,2.3317094500673585,0.22263889049421767,0.5251268000215689,0.6481226738639163
104,2.889931332360076,3.154645576897145,2.3558063876199786,0.22498956937509643,0.5208779237199777,0.6414005732206522
105,2.8541243583763967,3.1510377815493285,2.380170692850667,0.22737426176978195,0.5165848453205407,0.6346493399932511
106,2.8188717018118403,3.1475903703700903,2.4048113149992543,0.22979384867993857,0.5122490940354277,0.6278692752622481
107,2.7841633215311306,3.1443049893366153,2.4297371340718463,0.23224920958542,0.5078721739941772,0.6210606962100649
108,2.7499891804632446,3.141182810813474,2.4549569486193437,0.23474122287073962,0.5034555652243983,0.6142239378254757
109,2.7163392429230075,3.1382245241480016,2.480479462602888,0.2372707662252929,0.4990007246748305,0.6073593546637943
110,2.6832034739258406,3.135430324810346,2.506313269107402,0.23983871680130922,0.4945090869338403,0.6004673225728923
111,2.6505718373476075,3.1327999025700013,2.5324668336469514,0.24244595141301634,0.4899820651330145,0.5935482404878604
112,2.618434293963149,3.1303324285160183,2.558948476085814,0.24509334668419885,0.4854210518819225,0.5866025322633621
113,2.586780799391503,3.1280265409414723,2.585766351103057,0.24778177914347949,0.48082742023963654,0.5796306485437033
114,2.5556013019780917,3.12588033012041,2.6129284271288378,0.25051212526646716,0.47620252472830543,0.5726330686704331
115,2.5248857406465923,3.1238913220144733,2.6404424636818646,0.253285261463739,0.4715477023936979,0.5656103026270379
116,2.49462404275595,3.122056460956815,2.6683159870396307,0.25610206401345453,0.46686427391718616,0.5585628930200318
117,2.464806122001044,3.1203720913728805,2.696556264176215,0.25896340893723674,0.4621535447831121,0.5514914170954482
118,2.4354218763986646,3.1188339386112673,2.725170274906987,0.26187017181781214,0.4574168065048864,0.5443964887894212
119,2.406461186404019,3.117437088973294,2.7541646821853787,0.2648232275567676,0.4526553379124636,0.5372787608111875
120,2.377913913206751,3.11617596904717,2.7835458005043163,0.26782345007066427,0.44787040650307525,0.5301389267564562
121,2.3497698972592196,3.1150443244719304,2.813319562364269,0.270871711923671,0.4430632698562358,0.5229777232486634
122,2.322018957094037,3.114035198277508,2.84349148278098,0.2739688838948008,0.4382351771130851,0.5157959321051716
123,2.2946508884918972,3.1131409089706423,2.8740666218194653,0.2771158344778193,0.4333873705190974,0.5085943825249547
124,2.2676554640651,3.1123530285616257,2.905049545156594,0.2803134293118791,0.42852108702805725,0.5013739532937636
125,2.2410224333262914,3.1116623607542224,2.9364442826930097,0.2835625305409929,0.4236375599639959,0.49413557500215
126,2.2147415233161745,3.111058919550318,2.9682542852562364,0.2868639961005325,0.41873802073648886,0.48688023227108
127,2.1888024398678283,3.1105319085517955,3.000482379460952,0.2902186789290799,0.4138237006033441,0.47960896597913294
128,2.163194869461861,3.110069701252266,3.0331307206504867,0.29362742608273956,0.40889583247920114,0.472322875490073
129,2.137908482037426,3.1096598227344567,3.0662007443909687,0.29709107779412214,0.4039556527679472,0.46502312085979053
130,2.1129329362686704,3.1092889348008006,3.0996931169538215,0.30061046641962774,0.3990044030553576,0.457710924858805
131,2.088257884044399,3.1089428220653073,3.133607684162008,0.3041864153057523,0.3940433319760941,0.45038757509898886
132,2.0638729719133946,3.108606374258853,3.167943419048342,0.30781973795075945,0.3890736975819143,0.4430544266806101
133,2.0397678509462627,3.1082635811439125,3.202698368365382,0.311511236490939,0.3840967688086534,0.43571290391618334
134,2.015932184139816,3.10789752684507,3.2378695995481563,0.31526170042944557,0.3791138273534262,0.4283645023815204
135,1.9923556578520247,3.1074903904091173,3.273453145714233,0.31907190504928795,0.374126169204706,0.4210107906891763
136,1.9690279907897577,3.1070234482996217,3.30944395384179,0.32294261010196884,0.3691351065221449,0.4136534124395018
137,1.9459389469293926,3.1064770838672615,3.3458358318681367,0.32687455819893685,0.3641419691421732,0.4062940878925503
138,1.9230783493939017,3.1058308023499985,3.3826213975900576,0.33086847319188073,0.35914810603211106,0.39893461554898885
139,1.9004360959221096,3.105063252376869,3.4197920294659454,0.33492505849172755,0.35415488660133865,0.39157687358187704
140,1.878002175965722,3.1041522545671976,3.4573378199377403,0.3390449953323884,0.3491637018450933,0.38422282109843703
141,1.855766689432217,3.1030748377983057,3.495247531935596,0.34322894098636536,0.34417596529585764,0.3768744992095193
142,1.8337198670713897,3.101807283683145,3.5335085592686233,0.3474775269404271,0.3391931137569922,0.3695340318830429
143,1.8118520924800117,3.1003251797530775,3.5721068916391694,0.351791357040703,0.33421660779329526,0.36220362655631716
144,1.7901539256730754,3.09860348177922,3.611027085044394,0.35617100561767834,0.3292479319535783,0.35488557448085734
145,1.7686161281412691,3.0966165855870793,3.6502522383455624,0.360617015602725,0.3242885947011618,0.3475822507720907
146,1.747229689283239,3.0943384086231545,3.6897639767907564,0.3651298966489108,0.31934012802947426,0.3402961141352982
147,1.725985854067946,3.0917424814181405,3.7295424432688487,0.36971012326990876,0.31440408674167947,0.33302970623823613
148,1.7048761517477882,3.0888020489598595,3.7695662980499622,0.37435813301182874,0.30948204737551893,0.32578565070023
149,1.683892425407532,3.0854901818404676,3.8098127277288523,0.3790743246737077,0.30457560675731943,0.31856665166712417
150,1.663026862098395,3.081779896878485,3.850257464031467,0.3838590565931937,0.2996863801723924,0.3113754919413919
151,1.6422720232716594,3.0776442867387153,3.8908748130704964,0.388712645014606,0.29481599914285167,0.30421503063701133
152,1.6216208751929664,3.0730566578850067,3.931637695542625,0.39363536255705045,0.2899661088081317,0.2970882003294275
153,1.6010668188616057,3.0679906755885753,3.9725176979274583,0.3986274368068017,0.28513836493133465,0.28999800371032686
154,1.5806037195641653,3.0624205165613727,4.013485136150171,0.4036890490245332,0.2803344304461381,0.2829475095723546
155,1.560225935561621,3.056321028512462,4.054509133731192,0.40882033302164733,0.27555597149231287,0.2759398479514517
156,1.539928343699922,3.049667887105727,4.095557704616134,0.4140213742578325,0.27080465347952365,0.26897820538436096
157,1.519706363954906,3.0424377576720536,4.136597848625817,0.4192922090537262,0.26608213668327924,0.2620658193564647
158,1.499555982054237,3.0346084607147943,4.177595662998475,0.424632823986018,0.2613900712735615,0.25520597160554476
159,1.479473768846718,3.026159134093583,4.218516461874998,0.43004315549573385,0.2567300921828675,0.2484019810137071
160,1.4594568978337596,3.01707039442794,4.259324911487809,0.43552308997761674,0.2521038135112032,0.24165719544379693
161,1.4395031541238643,3.007324473791531,4.299985148325954,0.4410724639056271,0.24751282396490767,0.2349749852350489
162,1.4196109469344562,2.9969053814814646,4.340460943611455,0.4466910640821319,0.24295868009975513,0.22835873227027348
163,1.3997793128281837,2.985799032996473,4.380715848360896,0.45237862836659365,0.2384429008697248,0.2218118210255338
164,1.3800079158627383,2.9739933730804164,4.420713349613099,0.4581348466083361,0.23396696177399487,0.21533762837760378
165,1.3602970431687802,2.961478485107476,4.460417029933178,0.4639593618530571,0.2295322890137047,0.20893951285700668
166,1.3406475958608781,2.948246685095614,4.499790728558102,0.4698517718244671,0.22514025371674676,0.20262080339217622
167,1.3210610752597802,2.9342925988406705,4.538798702490943,0.4758116306800202,0.22079216628911985,0.19638478759997713
168,1.3015395644803125,2.9196132209083006,4.577405785826307,0.4818384510373219,0.2164892709506014,0.1902346996876089
169,1.2820857055159618,2.904207954499356,4.6155775455987,0.4879317062654424,0.21223274051071817,0.1841737080406508
170,1.2627026720263814,2.8880786315089066,4.65328043248969,0.4940908330331336,0.20802367143819017,0.17820490258143845
171,1.2433941381059321,2.8712295124222558,4.690481924807202,0.5003152341038233,0.20386307927329725,0.17233128199092262
172,1.2241642433776245,2.8536672660237836,4.727150664259702,0.5066042813653352,0.19975189442800848,0.16655574089536
173,1.2050175548159043,2.8354009292275255,4.763256582185887,0.5129573190805516,0.19569095841336276,0.16088105712643183
174,1.1859590257519195,2.8164418476625785,4.798771015063429,0.5193736673437622,0.19168102052759042,0.1553098791693943
175,1.16699395255507,2.79680359795319,4.833666808303377,0.5258526257261898,0.18772273503199224,0.14984471391844148
176,1.1481279280863903,2.776501888761795,4.867918413747791,0.5323934772786765,0.18381665869991487,0.14448791429090405
177,1.1293667932168534,2.7555544425529206,4.90150197349474,0.53899549276162,0.17996324896369612,0.13924166746391692
178,1.110716598221767,2.7339808965780508,4.9343953494852695,0.5456579336875025,0.17616286333958586,0.1341079875198578
179,1.0921835503782584,2.7118026525365466,4.966578198958912,0.5523800571735307,0.17241575817088733,0.12908870339258247
180,1.073773968321757,2.689042733200829,4.998032005859121,0.5591611200985656,0.16872208855510515,0.12418545056589322
181,1.05549423256862,2.6657256189313445,5.028740120655229,0.5660003839313605,0.16508190825954264,0.1193996616921179
182,1.037350743963881,2.6418770947807606,5.0586877558072985,0.5728971188010962,0.16149517086847084,0.11473256134756096
183,1.019349879760148,2.6175240836959457,5.087861989017916,0.5798506081131382,0.15796173091309618,0.11018516003526414
184,1.00149795257183,2.5926944793802047,5.116251750579182,0.5868601531042282,0.15448134554317902,0.1057582498668585
185,0.9838011720043164,2.5674169799383204,5.143847799060446,0.593925077385739,0.15105367661077376,0.10145240164417237
186,0.9662656089077897,2.5417209230704962,5.170642687332297,0.6010447314995746,0.14767829311570863,0.09726796327833458
187,0.9488971625493051,2.5156361247208454,5.196630719607931,0.6082184974661528,0.14435467397947133,0.09320505959737009
188,0.9317015308608211,2.489192722669079,5.221807900523509,0.6154457933148917,0.14108221110808358,0.08926359354712024
189,0.9146841838669536,2.4624210263734163,5.246171877303757,0.6227260775893766,0.13786021270355112,0.08544324877184568
190,0.8978503403450137,2.4353513741833717,5.269721876063187,0.6300588538211919,0.13468790678312315,0.08174349354262037
191,0.8812049477222095,2.4080139988483045,5.2924586332790025,0.6374436749682935,0.13156444486581279,0.07816358598399352
192,0.864752665171514,2.3804389020562193,5.314384323441413,0.6448801478157341,0.12848890578636069,0.07470258053277665
193,0.8484978498291145,2.352655738551488,5.335502483843024,0.6523679373385205,0.1254602995980054,0.07135933554757293
194,0.8324445460228513,2.3246937102034098,5.35581793741411,0.6599067710284138,0.12247757152696445,0.06813252197410888
195,0.8165964775146122,2.2965814711049863,5.375336714486991,0.6674964431738672,0.11953960591917724,0.06502063293731122
196,0.8009570420484894,2.2683470404995076,5.3940659742210055,0.6751368191584598,0.11664523023333088,0.06202199421513327
197,0.785529308589939,2.240017727625637,5.41201392682686,0.6828278396697112,0.11379321891652976,0.059134775327655036
198,0.7703160167661162,2.2116200666879653,5.429189757415867,0.6905695248677721,0.11098229717114218,0.056357001123230714
199,0.7553195797970228,2.1831797606468686,5.4456035461584245,0.698361978881937,0.10821114489302186,0.053686564537375484
200,0.7405420875975739,2.1547216349497287,5.461266196959341,0.7062053939229649,0.10547840014302906,0.05112123876457931
201,0.7259853122487261,2.1262695997489174,5.476189366135658,0.7141000545863347,0.10278266260219557,0.04865868996768829
202,0.711650714989119,2.0978466204194532,5.490385393828797,0.7220463422115668,0.10012249686059696,0.046296490058153
203,0.697539454528293,2.0694746958318784,5.5038672384175555,0.7300447393194037,0.09749643552315004,0.044032129429528666
204,0.6836523960621197,2.0411748391360574,5.516648412219678,0.7380958341640856,0.09490298235370025,0.0418630299371093
205,0.6699901230502566,2.0129670845774124,5.528742928237006,0.7462003253291734,0.09234061422877221,0.039786555963491
206,0.6565529468755604,1.9848704700102517,5.54016523887725,0.7543590266607212,0.08980778439487191,0.03780002768323831
207,0.6433409191767145,1.9569030458718073,5.550930185791053,0.7625728722253864,0.08730292443987252,0.035900732159961354
208,0.6303538440988331,1.9290818835438164,5.561052951389187,0.7708429215364467,0.0848244462992032,0.0340859343868104
209,0.6175912908768502,1.9014230880221186,5.570549013897457,0.7791703650267409,0.08237074401663812,0.03235288776926737
210,0.6050526066292615,1.8739418143666324,5.579434105912781,0.7875565297975994,0.07994019525426807,0.030698844003005925
211,0.5927369292525134,1.8466522874319207,5.5877241764017365,0.7960028856694635,0.07753116254732752,0.02912106231046374
212,0.580643200318651,1.8195678244089932,5.595435356065358,0.8045110515539499,0.07514199430055449,0.02761681801016259
213,0.5687701778908258,1.7927008597415661,5.602583925980639,0.8130828021574666,0.07277102552378305,0.026183410402598258
214,0.5571164491826042,1.7660629720136047,5.609186289419967,0.8217200750120398,0.0704165783055452,0.02481816996556009
215,0.5456804429978535,1.7396649124392418,5.6152589467438485,0.8304249778079619,0.06807696202474443,0.0235184648599765
216,0.5344604418979995,1.7135166346201625,5.620818473259906,0.8391997959734174,0.06575047330203689,0.02228170675471466
217,0.5234545940528661,1.687627325269209,5.625881499941457,0.8480470004055959,0.06343539569465675,0.02110535598521113
218,0.512660924739919,1.6620054356315765,5.630464696901889,0.8569692552029883,0.061129999141241516,0.019986926066335283
219,0.5020773474646253,1.6366587133663635,5.634584759526211,0.8659694251756417,0.05883253916706039,0.018923987584522267
220,0.4917016746818566,1.6115942346811436,5.638258397167752,0.8750505828144554,0.056541255865325275,0.01791417149801372
221,0.48153162948009454,1.5868184330708301,5.641502314436998,0.8842160122046728,0.05425437372358213,0.016955173183977077
222,0.4715648532062701,1.562337138233107,5.644333221500036,0.8934692165461648,0.05197009845800396,0.016044752273934093
223,0.4617989155244111,1.5381556055082688,5.646767825222686,0.9028139194532003,0.04968661602281119,0.015180735140715959
224,0.4522313237284687,1.5142785466809296,5.6488228254039985,0.9122540631762244,0.04740209125143543,0.014361016454848618
225,0.44285953135309974,1.490710161191752,5.650514915298972,0.9217938024342851,0.04511466629364582,0.013583560028512971
226,0.43368094636943544,1.4674541668766765,5.65186078437166,0.9314374917504833,0.042822459178936435,0.012846399276102156
227,0.4246929389741885,1.4445138301760585,5.652877123250248,0.9411896641185431,0.04052356264982343,0.01214763732684868
228,0.4158928489814207,1.421891995765889,5.653580630855509,0.9510549982973845,0.038216043452001185,0.01148544682403198
229,0.4072779928263329,1.3995911155689353,5.653988023666952,0.9610382714099194,0.035897942321982707,0.01085806944403394
230,0.39884567018948197,1.3776132771046667,5.654116047074613,0.971144292808808,0.033567274978615946,0.01026381516704696
231,0.3905931702476708,1.355960231132321,5.653981488735764,0.9813778143669537,0.031222034504448312,0.009701061329605213
232,0.38251777754565536,1.3346334185641264,5.653601193851188,0.9917434115387336,0.028860195591765107,0.00916825147570515
233,0.3746167781180447,1.3136339757429836,5.6529920006103405,1.0022452835772087,0.02648500534380939,0.008663896513637864
234,0.3668867325814083,1.2929594164218214,5.652161886091925,1.0128803464233869,0.02424559098396233,0.008186567282644996
235,0.35932279776386133,1.2726004741662447,5.651100728055877,1.0236311877561743,0.02219781301545162,0.007734886928271492
236,0.35192019884999254,1.2525478782038493,5.6497978830197635,1.0344794217047983,0.020325163544305518,0.007307540997339391
237,0.34467445099566,1.232793316517488,5.648244618119416,1.045407590860911,0.01861257647692212,0.006903278013427668
238,0.3375813221328752,1.2133292980178179,5.646433897088699,1.0563990021920577,0.017046281392351013,0.006520904962906872
239,0.33063681013246715,1.1941490522544518,5.644360193037536,1.0674375944555934,0.015613693091288457,0.006159285129919604
240,0.3238371219679876,1.1752464401542342,5.64201932127388,1.0785078142044224,0.01430331031332933,0.005817335958807361
241,0.31717865477940493,1.1566158747482695,5.63940828999298,1.089594500371893,0.013104622920537802,0.005494026948796921
242,0.3106579787192407,1.1382522509081228,5.63652516687899,1.1006827777002293,0.012008026883260364,0.005188377585209069
243,0.3042718214557314,1.1201508831784799,5.633368959868561,1.1117579595211446,0.011004746445602969,0.004899455311021028
244,0.298017054204912,1.1023074508635349,5.629939510512154,1.1228054606201896,0.010086762889707756,0.004626373542170743
245,0.29189067916467243,1.0847179495946102,5.626237398537122,1.133810721122009,0.009246749358950902,0.004368289729545147
246,0.28588981907142197,1.0673786497373747,5.622263855854445,1.1447591468103142,0.008478013157388789,0.004124403703752685
247,0.28001170549807053,1.0502860567764987,5.618020690188718,1.1556360510126016,0.007774437351977414,0.0038939553915077318
248,0.2742536704204778,1.033436879300162,5.613510216592312,1.1664266217777635,0.007130432651078034,0.0036762232145509275
249,0.2686131381723541,1.016828000209014,5.608735195679838,1.1771159027314155,0.006540892042065926,0.0034705223827055432
250,0.26308761758898747,1.0004564506820732,5.6036987784264385,1.187688788174958,0.0060011478196385784,0.003276203054268922
251,0.2576746972702773,0.9843193902397637,5.598404455313498,1.1981300489609608,0.0055069376484937925,0.0030926492225403037
252,0.25237203797249214,0.9684140850853682,5.592856011616597,1.208424360629664,0.005054365480326975,0.0029192766397831294
253,0.24717736799892057,0.9527378920130415,5.587057486545639,1.218556363822347,0.0046398712458206055,0.0027555314838627696
254,0.24208847853749715,0.9372882436970459,5.581013136285731,1.2285107424909345,0.0042602018017825986,0.002600888907076642
255,0.2371032194867918,0.9220626359031392,5.574727400481461,1.2382723223033145,0.003912384385027584,0.0024548516402014106
256,0.23221949571754125,0.9070586163963601,5.568204871794813,1.2478261879663421,0.0035937023581862682,0.002316948651095513
257,0.22743526365231997,0.8922737752690072,5.5614502683489055,1.2571578167759212,0.00330167294298975,0.0021867338396724945
258,0.22274852866256198,0.8777057371171073,5.554468407762183,1.2662532297774338,0.0030340275969704318,0.00206378490268986
259,0.21815734143920143,0.8633521529024054,5.547264185882848,1.2750991416970867,0.002788692067765574,0.0019477019172413523
260,0.21365979656162026,0.8492106950056495,5.539842554125885,1.2836831321257938,0.0025637710729646862,0.0018381064576234534
261,0.20925402992593806,0.8352790516423049,5.53220850101021,1.2919938050701796,0.0023575322049740185,0.0017346404092103951
262,0.20493821677403662,0.8215549225352174,5.5243670348649285,1.300020945735885,0.002168391830436003,0.0016369649301758236
263,0.2007105698973284,0.8080360152923076,5.5163231682085545,1.3077556655392588,0.001994902198966621,0.0015447594566143396
264,0.19656933797411097,0.7947200423797467,5.508081903770473,1.315190529768547,0.001835739649989274,0.001457720747349432
265,0.19251280399920753,0.7816047185798525,5.499648222151738,1.3223196630754042,0.001689693822934448,0.001375561965669175
266,0.18853928457337826,0.7686877599545164,5.491027068733998,1.329138829712529,0.0015556582629082136,0.0012980119188377023
267,0.18464714586298836,0.7559669011018803,5.482223286595154,1.3356455127973836,0.0014326331525830877,0.0012248172732484861
268,0.1808347572897991,0.7434398479818365,5.473241756044334,1.3418388037379536,0.0013196832187973386,0.001155733271669376
269,0.17710053074656754,0.7311043164129725,5.464087256765439,1.347719521810908,0.0012159625009934678,0.001090530880134057
270,0.17344290778381485,0.7189580208778785,5.454764499396454,1.3532901180632202,0.0011206972669730389,0.0010289936292462182
271,0.16986035888461207,0.7069986747339797,5.445278119814308,1.3585545969625068,0.0010331797827555318,0.0009709169460652026
272,0.16635138281080067,0.6952239906803008,5.435632674416239,1.363518412056582,0.0009527626225208979,0.0009161075192412998
273,0.162914506011324,0.6836316814411633,5.425832636333224,1.3681883399018717,0.0008788534717905768,0.0008643826959940192
274,0.15954828208403496,0.6722194606297583,5.415882392507461,1.3725723371002971,0.0008109103810502566,0.0008155699095582208
275,0.15625129216543487,0.6609850499469486,5.405786243734807,1.3766793949838212,0.0007484365302367505,0.0007695058832844745
276,0.1530221422451226,0.6499261620392082,5.395548395355166,1.380519347856499,0.0006909793150493268,0.0007260369641589351
277,0.1498594641661214,0.6390405190146295,5.385172966864849,1.384102743447671,0.0006381231620822234,0.0006850176425082596
278,0.14676191545096248,0.6283258488815604,5.374663986176385,1.3874406684514762,0.000589487800783839,0.0006463105260088555
279,0.14372817857179138,0.6177798863268762,5.3640253909961615,1.3905445952645408,0.000544725071364755,0.0006097858497371457
280,0.14075695900330334,0.6074003712668165,5.353261034302995,1.393426251439199,0.0005035157666142236,0.0005753209061395958
281,0.13784698986075866,0.5971850586236107,5.342374670532413,1.3960974414582281,0.00046556847816218267,0.0005428001530245292
282,0.1349970280901812,0.5871317138352846,5.331369967350646,1.3985699571132033,0.0004306162209066191,0.0005121144635825172
283,0.13220585108283223,0.5772381085839459,5.320250516325462,1.4008555020634708,0.00039841370088113164,0.00048316050702436493
284,0.12947226119387706,0.5675020303937263,5.309019820370335,1.402965553053136,0.00036873660694218004,0.00045584087868744073
285,0.1267950837389426,0.5579212808506958,5.297681300678993,1.404911299501966,0.0003413794135342991,0.0004300636166985275
286,0.12417316666990999,0.548493676644302,5.286238298785685,1.4067035804900418,0.0003161537798224809,0.0004057419021040748
287,0.12160537825687924,0.5392170424022227,5.274694079291565,1.4083528216746333,0.00029288731891785944,0.0003827938550446563
288,0.11909061294075768,0.5300892363575012,5.263051829502852,1.4098690360657948,0.0002714215576702373,0.00036114203250364697
289,0.11662778464184984,0.5211081260910772,5.251314664819022,1.41126175915453,0.0002516114209331184,0.0003407134005425099
290,0.11421582859281723,0.5122715977125928,5.239485629655347,1.4125400439803926,0.00023332387302299031,0.00032143901895067043
291,0.11185370102672758,0.5035775565556545,5.227567699513281,1.4137124515312378,0.00021643690718312205,0.0003032538175369638
292,0.10954037882349987,0.49502392776587906,5.215563783138284,1.4147870492564731,0.0002008386015619751,0.0002860963773521119
293,0.10727485918198058,0.4866086568455583,5.203476724536274,1.415771414887252,0.00018642626991230866,0.00026990872867762374
294,0.10505615928471837,0.478329710127984,5.19130930494899,1.4166726453170495,0.00017310568178123003,0.00025463615886897476
295,0.10288331596241032,0.47018507519063746,5.179064244761106,1.4174973694037918,0.00016079034958045127,0.00024022703073493448
296,0.10075538535842112,0.4621727612107914,5.166744205335337,1.4182517638245864,0.00014940087674382777,0.0002266326108937826
297,0.09867144259378983,0.4542907992671586,5.154351790773456,1.4189415712198958,0.00013886436168363502,0.00021380690757479972
298,0.09663058143314651,0.44653724259127053,5.141889549602493,1.4195721199670548,0.00012911385271748615,0.00020170651735995968
299,0.09463191395194984,0.43891016677221945,5.129359976386434,1.4201483450205308,0.00012008784955805321,0.0001902904803861254
300,0.09267457020544749,0.4314076699183315,5.116765513264634,1.4206748093465442,0.00011172984734140497,0.00017952014355237804
301,0.090757697899734,0.4240278727791946,5.104108551418827,1.4211557255615135,0.00010398791951990483,0.00016935903130030057
302,0.0888804620652627,0.41676891883134604,5.09139143247106,1.4215949774568795,9.681433626525723e-05,0.0001597727235572648
303,0.08704204473313736,0.40962897433073253,5.078616449815306,1.4219961411571453,9.016521531899053e-05,0.00015072874045391252
304,0.0852416446144835,0.40260622833490195,5.065785849885717,1.422362505713775,8.400020249395183e-05,0.0001421964334472447
305,0.0834784767831681,0.3956988926976809,5.052901833364637,1.4226970929854508,7.828217927340373e-05,0.00013414688249995254
306,0.08175177236210902,0.38890520203892165,5.039966556333559,1.4230026766957045,7.297699517614891e-05,0.00012655279898497878
307,0.08006077821338811,0.38222341369171625,5.026982131370261,1.4232818005928778,6.805322275856946e-05,0.0001193884340017364
308,0.07840475663235412,0.3756518076292962,5.013950628595266,1.4235367956654024,6.348193330926617e-05,0.00011262949180701937
309,0.07678298504587212,0.36918868637364594,5.000874076670734,1.4237697963882976,5.923649146064453e-05,0.00010625304807940371
310,0.07519475571486238,0.3628323748877379,4.987754463754787,1.4239827559951974,5.5292367095783796e-05,0.0001002374727509892
311,0.07363937544123544,0.35658122045308344,4.974593738414124,1.4241774607848081,5.16269630694143e-05,9.456235715452363e-05
312,0.07211616527932176,0.35043359253420187,4.9613938104977064,1.4243555434820154,4.8219457390138724e-05,8.920844524754154e-05
313,0.07062446025186492,0.344387882631423,4.94815655197405,1.4245184956824473,4.505065862809308e-05,8.415756868795204e-05
314,0.06916360907063768,0.33844250412335297,4.934883797734634,1.424667679415582,4.210287341915028e-05,7.939258554773554e-05
315,0.0677329738617203,0.33259589210018714,4.9215773463656936,1.4248043378659114,3.935978503432609e-05,7.489732246295259e-05
316,0.06633192989546664,0.3268465031889599,4.908238960890543,1.4249296052945217,3.680634207212349e-05,7.065652002924057e-05
317,0.06495986532117112,0.32119281537170735,4.894870369484453,1.4250445162050875,3.442865641286384e-05,6.665578126236314e-05
318,0.06361618090643882,0.31563332779744424,4.881473266163944,1.425150013798896,3.221390964829697e-05,6.28815229532372e-05
319,0.06230028978124703,0.3101665605887472,4.868049311452204,1.4252469577633757,3.0150267267550936e-05,5.9320929756177675e-05
320,0.06101161718668449,0.3047910546436916,4.85460013302227,1.4253361314378463,2.822679994238201e-05,5.5961910857964725e-05
321,0.05974960022833829,0.2995053714337865,4.841127326319408,1.425418248398993,2.64334113111766e-05,5.279305908368274e-05
322,0.05851368763429832,0.29430809279851655,4.827632455164106,1.4254939585070379,2.4760771712766776e-05,4.980361230322757e-05
323,0.057303339517738555,0.2891978207370203,4.814117052336911,1.4255638534517943,2.320025736823118e-05,4.698341700986546e-05
324,0.05611802714402835,0.28417317719738444,4.800582620146223,1.4256284718358547,2.1743894551883426e-05,4.432289394932738e-05
325,0.05495723270233079,0.2792328038640146,4.787030630980223,1.4256883038301509,2.0384308331959106e-05,4.181300568465887e-05
326,0.05382044908162754,0.27437536194344897,4.7734625278437965,1.425743795435044,1.9114675497388406e-05,3.9445225988368595e-05
327,0.05270717965111949,0.26959953194899355,4.759879724881418,1.4257953523780582,1.7928681319843173e-05,3.721151095946007e-05
328,0.05161693804494049,0.26490401348448456,4.746283607886785,1.4258433436773106,1.6820479830184383e-05,3.510427176859517e-05
329,0.05054924795112306,0.26028752502746966,4.732675534799973,1.425888104897743,1.5784657315799928e-05,3.311634894002295e-05
330,0.049503642904755014,0.25574880371207803,4.719056836192799,1.4259299411253106,1.4816198770319211e-05,3.124098808399228e-05
331,0.04847966608525884,0.2512866051118001,4.705428815743026,1.4259691296824888,1.3910457050023198e-05,2.947181699816103e-05
332,0.04747687011772933,0.24689970302239295,4.691792750697982,1.4260059226066908,1.3063124512141476e-05,2.7802824061065797e-05
333,0.046494816878262124,0.24258688924510202,4.6781498923281335,1.426040548911562,1.2270206929295103e-05,2.622833784500367e-05
334,0.045533077303205854,0.23834697337036914,4.664501466371101,1.4260732166495564,1.152799949177308e-05,2.4743007879736563e-05
335,0.04459123120226973,0.23417878256218055,4.650848673466575,1.4261041147927511,1.0833064725257976e-05,2.3341786502258993e-05
336,0.04366886707541717,0.23008116134318662,4.637192689582485,1.4261334149474938,1.0182212166176336e-05,2.2019911731491577e-05
337,0.042765581933480346,0.22605297138073116,4.623534666432905,1.4261612729172135,9.572479650162676e-06,2.0772891110189806e-05
338,0.041880981122424554,0.22209309127388707,4.609875731887926,1.4261878301265547,9.0011160812903e-06,1.9596486459580727e-05
339,0.04101467815119669,0.21820041634160728,4.596216990375899,1.426213214918893,8.465565560852654e-06,1.8486699495300606e-05
340,0.040166294523089764,0.21437385841207712,4.582559523278278,1.426237543738292,7.963452764651744e-06,1.743975825608716e-05
341,0.03933545957055779,0.2106123456133522,4.568904389317405,1.4262609222060207,7.492569467056143e-06,1.645210429940492e-05
342,0.038521810293413734,0.20691482216534904,4.555252624937395,1.4262834461009013,7.0508621186009925e-06,1.5520380620752656e-05
343,0.03772499120034602,0.20328024817325693,4.541605244678428,1.426305202251958,6.636420391688643e-06,1.4641420255833064e-05
344,0.036944654153688854,0.19970759942242727,4.527963241544617,1.4263262693511074,6.247466616070572e-06,1.3812235527057272e-05
345,0.036180458217383166,0.1961958671747943,4.514327587365667,1.4263467186929717,5.882346032307929e-06,1.3030007898023383e-05
346,0.03543206950806425,0.19274405796687036,4.500699233152505,1.42636661484828,5.539517797371064e-06,1.229207840165207e-05
347,0.034699161049214236,0.18935119340935488,4.487079109447022,1.42638601627675,5.217546681995885e-06,1.1595938609593114e-05
348,0.0339814126283204,0.18601630998840388,4.473468126666138,1.426404975884842,4.915095404411492e-06,1.093922211234247e-05
349,0.03327851065697579,0.1827384588685766,4.459867175440291,1.4264235415332915,4.630917549623691e-06,1.0319696481224138e-05
350,0.03259014803386326,0.179516705697494,4.446277126946502,1.4264417564989085,4.363851027601086e-06,9.735255684979688e-06
351,0.03191602401055264,0.176350130412205,4.43269883323621,1.4264596598947323,4.112812027445718e-06,9.183912935081383e-06
352,0.0312558440600988,0.17323782704738047,4.419133127557805,1.4264772870522358,3.8767894288145264e-06,8.663793936380899e-06
353,0.03060931974834285,0.17017890354526644,4.405580824674163,1.4264946698690102,3.65483963395571e-06,8.17313051936788e-06
354,0.029976168607866588,0.167172481567418,4.392042721175212,1.4265118371250145,3.4460817873551012e-06,7.710254632619227e-06
355,0.029356114014552098,0.1642176963082475,4.378519595785661,1.4265288147702055,3.249693352628649e-06,7.273592675162933e-06
356,0.028748885066691907,0.16131369631039044,4.365012209667967,1.4265456261861171,3.0649060187119897e-06,6.861660149540337e-06
357,0.028154216466576124,0.1584596432818144,4.351521306720591,1.4265622924237285,2.891001909646273e-06,6.47305661739511e-06
358,0.027571848404592068,0.15565471191502236,4.338047613871758,1.4265788324197535,2.7273100744360945e-06,6.1064609406496684e-06
359,0.027001526445659865,0.15289808970785787,4.324591841368658,1.4265952631932866,2.5732032351613057e-06,5.760626791874899e-06
360,0.02644300141803372,0.1501889767862264,4.311154683062214,1.4266116000245814,2.428094773468567e-06,5.4343784187853735e-06
361,0.025896029304404485,0.14752658572867347,4.297736816687534,1.4266278566175614,2.2914359370772282e-06,5.126606648456529e-06
362,0.02536037113525551,0.14491014139281824,4.284338904140063,1.4266440452475333,2.1627132494181697e-06,4.836265117701995e-06
363,0.024835792884424404,0.14233888074363987,4.270961591747545,1.426660176895437,2.041446106873785e-06,4.562366716817794e-06
364,0.024322065366826406,0.13981205268361993,4.257605510537836,1.4266762613698436,1.9271845493250473e-06,4.303980234624046e-06
365,0.023818964138292827,0.13732891788473137,4.2442712765026425,1.4266923074178073,1.8195071908463722e-06,4.060227193415238e-06
366,0.02332626939748342,0.1348887486222827,4.230959490857249,1.4267083228255795,1.7180192984323646e-06,3.830278863075979e-06
367,0.022843765889827762,0.13249082861060366,4.2176707402963025,1.4267243145100996,1.6223510075965134e-06,3.6133534442240784e-06
368,0.022371242813454654,0.1301344528405733,4.204405597245676,1.4267402886020948,1.5321556645614226e-06,3.408713410817251e-06
369,0.021908493727068688,0.1278189274189851,4.191164620110536,1.4267562505215472,1.447108285567253e-06,3.215663003200221e-06
370,0.021455316459732855,0.12554356940974062,4.177948353519586,1.4267722050462244,1.3669041245664257e-06,3.0335458630785232e-06
371,0.021011513022518847,0.12330770667686933,4.164757328565616,1.4267881563738927,1.2912573412544576e-06,2.8617428023876316e-06
372,0.020576889521985366,0.12111067772936229,4.151592063042365,1.4268041081787937,1.2198997620127162e-06,2.6996696984792705e-06
373,0.020151256075447353,0.11895183156781663,4.138453061677762,1.4268200636628952,1.1525797269149564e-06,2.54677550847612e-06
374,0.019734426727999126,0.1168305275328815,4.125340816363599,1.4268360256024017,1.0890610164787463e-06,2.4025403960501082e-06
375,0.019326219371254276,0.11474613515549342,4.112255806381679,1.4268519963899442,1.029121852329627e-06,2.2664739642607174e-06
376,0.018926455663767723,0.11269803400889636,4.0991984986264995,1.4268679780728475,9.725539663940218e-07,2.138113588450342e-06
377,0.018534960953104702,0.1106856135624341,4.0861693478245025,1.426883972387832,9.191617336487433e-07,2.017022843532821e-06
378,0.018151564199522522,0.108708273037106,4.073168796749955,1.4268999807924694,8.687613638342983e-07,1.9027900203318665e-06
379,0.017776097901231896,0.10676542126287518,4.060197276437495,1.4269160044936953,8.211801478882905e-07,1.7950267259284824e-06
380,0.01740839802120508,0.10485647653771894,4.047255206391394,1.4269320444736406,7.762557551766635e-07,1.6933665632616035e-06
381,0.017048303915498452,0.10298086648840836,4.034342994791574,1.4269481015130312,7.338355778965215e-07,1.5974638854952296e-06
382,0.01669565826305881,0.10113802793300893,4.021461038696437,1.4269641762123744,6.937761192971266e-07,1.506992620919504e-06
383,0.016350306996982204,0.09932740674508807,4.0086097242425405,1.4269802690111357,6.559424226167957e-07,1.4216451643923762e-06
384,0.01601209923719519,0.09754845771961748,3.9957894268411547,1.4269963802050936,6.202075378651118e-07,1.3411313315546084e-06
385,0.015680887224529358,0.09580064444055966,3.9830005113717672,1.4270125099620343,5.864520237934191e-07,1.2651773722642275e-06
386,0.01535652625616003,0.09408343915012488,3.9702433323725477,1.4270286583359408,5.545634825934009e-07,1.1935250398974466e-06
387,0.015038874622381015,0.09239632261968667,3.9575182342278445,1.4270448252798167,5.244361250452103e-07,1.1259307133530357e-06
388,0.014727793544687562,0.09073878402234184,3.944825551352725,1.427061010657267,4.959703640041434e-07,1.0621645687760103e-06
389,0.01442314711514074,0.08911032080710397,3.9321656083746257,1.4270772142529569,4.6907243426956267e-07,1.0020097981855865e-06
390,0.014124801344369057,0.08751043697224911,3.9195387388546905,1.4270934357785137,4.43652614156293e-07,9.452585691169236e-07
391,0.013832626730393198,0.08593864741103444,3.9069452293613383,1.4271096748879188,4.1962928744286325e-07,8.917215415329357e-07
392,0.013546495628686785,0.08439447367477909,3.8943853762016225,1.427125931182486,3.9692410284040474e-07,8.412166767168511e-07
393,0.013266283034912679,0.08287744510316841,3.8818594665936734,1.4271422042170476,3.754632404780006e-07,7.935722456090831e-07
394,0.012991866530310302,0.08138709870641538,3.8693677788344076,1.4271584935061734,3.5517713893683874e-07,7.486262449467117e-07
395,0.012723126228212747,0.07992297904897187,3.856910582464564,1.4271747985297554,3.360002395747682e-07,7.062258464663802e-07
396,0.01245994472167062,0.07848463813477809,3.844488138431108,1.4271911187380295,3.1787074698262856e-07,6.662268772986151e-07
397,0.012202207032159474,0.0770716352940342,3.8321006992470408,1.4272074535560793,3.007304044957744e-07,6.284933297872045e-07
398,0.011949800559348448,0.07568353707148104,3.819748509148648,1.4272238023878752,2.8452428376042895e-07,5.928968990676066e-07
399,0.011702615031908118,0.07431991711617511,3.8074318042502275,1.4272401646198896,2.692005874247742e-07,5.593165468324037e-07
400,0.011460542459336039,0.0729803560727437,3.795150812696319,1.4272565396243317,2.5471046408994693e-07,5.276380898010246e-07
